<?xml version="1.0" encoding="utf-8"?>
<SystemProperties>
  <SystemName>Controlador1</SystemName>
  <SerialNo>VIRTUAL_USE</SerialNo>
  <UsedMedia>
    <Media path="C:\Users\daani\AppData\Local\ABB\RobotWare\RobotWare_6.12.4008" name="RobotWare" version="6.12.4008">
    </Media>
  </UsedMedia>
  <ControlModule>
    <Option descr="RobotWare Base">
    </Option>
    <Option descr="English">
    </Option>
    <Option descr="616-1 PC Interface">
    </Option>
    <Option descr="623-1 Multitasking">
    </Option>
  </ControlModule>
  <DriveModule>
    <Name>Robot1</Name>
    <Option descr="Drive System IRB 460/640/660/760/4600/66xx/6700">
    </Option>
    <Option descr="ADU-790A in position X3">
    </Option>
    <Option descr="ADU-790A in position Y3">
    </Option>
    <Option descr="ADU-790A in position Z3">
    </Option>
    <Option descr="Axis Calibration">
    </Option>
    <Option descr="IRB 4600-45/2.05 Type C">
    </Option>
  </DriveModule>
</SystemProperties>