<?xml version='1.0' encoding='UTF-8'?>
<system creation-date="2022-02-04 16:34:11.067000" desc="" enable="False" id="7265C296-BE95-45DC-9ED8-4F5EC390B6EE" last-modified-date="" name="Controlador1"><applications><application name="RobotWare" version="6.12.4008"><settings><system-xml path="C:\Users\daani\Documents\RobotStudio\Solutions\CElda_OPC\Virtual Controllers\Controlador1\system.xml" /><key-id path="C:\Users\daani\Documents\RobotStudio\Solutions\CElda_OPC\Virtual Controllers\Controlador1\INTERNAL\key.id" /><setting-file path="C:\Users\daani\Documents\RobotStudio\Solutions\CElda_OPC\Virtual Controllers\Controlador1\INTERNAL\controller.rsf" /></settings></application></applications></system>